Workbook

Sheet Employee Master
A1: Employee ID | B1: Employee Name | C1: Department | D1: Salary
A2: E001 | B2: Rahul Sharma | C2: IT | D2: 35000
A3: E002 | B3: Priya Rao | C3: HR | D3: 32000
A4: E003 | B4: Arun Kumar | C4: Finance | D4: 38000
A5: E004 | B5: Sneha Patil | C5: IT | D5: 42000
A6: E005 | B6: Kiran Das | C6: HR | D6: 30000
A7: E006 | B7: Anita Singh | C7: Finance | D7: 45000
A8: E007 | B8: Vijay Kumar | C8: Sales | D8: 36000
A9: E008 | B9: Meena Joshi | C9: HR | D9: 34000
A10: E009 | B10: Ravi Shetty | C10: IT | D10: 40000
A11: E010 | B11: Divya Rao | C11: Finance | D11: 48000
A12: E011 | B12: Anil Kumar | C12: Sales | D12: 33000
A13: E012 | B13: Pooja Nair | C13: HR | D13: 37000
... A16: E015 | B16: Manoj Rao | C16: Finance | D16: 44000

Sheet Salary Lookup
A1: Employee ID | B1: Employee Name | C1: Department | D1: Salary
A2: E003 | B2: =VLOOKUP(A2,'Employee Master'!$A$2:$D$16,2,FALSE) -> Arun Kumar | C2: =VLOOKUP(A2,'Employee Master'!$A$2:$D$16,3,FALSE) -> Finance | D2: =VLOOKUP(A2,'Employee Master'!$A$2:$D$16,4,FALSE) -> 38000
A3: E007 | B3: =VLOOKUP(A3,'Employee Master'!$A$2:$D$16,2,FALSE) -> Vijay Kumar | C3: =VLOOKUP(A3,'Employee Master'!$A$2:$D$16,3,FALSE) -> Sales | D3: =VLOOKUP(A3,'Employee Master'!$A$2:$D$16,4,FALSE) -> 36000 | F3: Total Salary | G3: =SUM(D2:D11) -> 395000
A4: E010 | B4: =VLOOKUP(A4,'Employee Master'!$A$2:$D$16,2,FALSE) -> Divya Rao | C4: =VLOOKUP(A4,'Employee Master'!$A$2:$D$16,3,FALSE) -> Finance | D4: =VLOOKUP(A4,'Employee Master'!$A$2:$D$16,4,FALSE) -> 48000 | F4: Average Salary | G4: =AVERAGE(D2:D11) -> 39500
A5: E002 | B5: =VLOOKUP(A5,'Employee Master'!$A$2:$D$16,2,FALSE) -> Priya Rao | C5: =VLOOKUP(A5,'Employee Master'!$A$2:$D$16,3,FALSE) -> HR | D5: =VLOOKUP(A5,'Employee Master'!$A$2:$D$16,4,FALSE) -> 32000 | F5: Highest Salary | G5: =MAX(D2:D11) -> 48000
A6: E015 | B6: =VLOOKUP(A6,'Employee Master'!$A$2:$D$16,2,FALSE) -> Manoj Rao | C6: =VLOOKUP(A6,'Employee Master'!$A$2:$D$16,3,FALSE) -> Finance | D6: =VLOOKUP(A6,'Employee Master'!$A$2:$D$16,4,FALSE) -> 44000 | F6: Lowest Salary | G6: =MIN(D2:D11) -> 32000
A7: E004 | B7: =VLOOKUP(A7,'Employee Master'!$A$2:$D$16,2,FALSE) -> Sneha Patil | C7: =VLOOKUP(A7,'Employee Master'!$A$2:$D$16,3,FALSE) -> IT | D7: =VLOOKUP(A7,'Employee Master'!$A$2:$D$16,4,FALSE) -> 42000
A8: E011 | B8: =VLOOKUP(A8,'Employee Master'!$A$2:$D$16,2,FALSE) -> Anil Kumar | C8: =VLOOKUP(A8,'Employee Master'!$A$2:$D$16,3,FALSE) -> Sales | D8: =VLOOKUP(A8,'Employee Master'!$A$2:$D$16,4,FALSE) -> 33000
A9: E009 | B9: =VLOOKUP(A9,'Employee Master'!$A$2:$D$16,2,FALSE) -> Ravi Shetty | C9: =VLOOKUP(A9,'Employee Master'!$A$2:$D$16,3,FALSE) -> IT | D9: =VLOOKUP(A9,'Employee Master'!$A$2:$D$16,4,FALSE) -> 40000
A10: E006 | B10: =VLOOKUP(A10,'Employee Master'!$A$2:$D$16,2,FALSE) -> Anita Singh | C10: =VLOOKUP(A10,'Employee Master'!$A$2:$D$16,3,FALSE) -> Finance | D10: =VLOOKUP(A10,'Employee Master'!$A$2:$D$16,4,FALSE) -> 45000
A11: E012 | B11: =VLOOKUP(A11,'Employee Master'!$A$2:$D$16,2,FALSE) -> Pooja Nair | C11: =VLOOKUP(A11,'Employee Master'!$A$2:$D$16,3,FALSE) -> HR | D11: =VLOOKUP(A11,'Employee Master'!$A$2:$D$16,4,FALSE) -> 37000
